rep	cell_seq	cell	when	utc	replicas	pods
1	1	r1-c01-scale1-off	start	2026-09-29T17:35:44Z	2	aap-gateway-9cd77b9cb-hnvvk,aap-gateway-9cd77b9cb-pd2kh
1	1	r1-c01-scale1-off	end	2026-09-29T17:49:42Z	2	aap-gateway-9cd77b9cb-hnvvk,aap-gateway-9cd77b9cb-pd2kh
1	2	r1-c02-scale1-on	start	2026-09-29T17:50:02Z	2	aap-gateway-9cd77b9cb-hnvvk,aap-gateway-9cd77b9cb-pd2kh
1	2	r1-c02-scale1-on	end	2026-09-29T18:05:09Z	2	aap-gateway-9cd77b9cb-hnvvk,aap-gateway-9cd77b9cb-pd2kh
1	3	r1-c03-scale500-off	start	2026-09-29T18:06:36Z	2	aap-gateway-9cd77b9cb-hnvvk,aap-gateway-9cd77b9cb-pd2kh
1	3	r1-c03-scale500-off	end	2026-09-29T18:23:14Z	2	aap-gateway-9cd77b9cb-hnvvk,aap-gateway-9cd77b9cb-pd2kh
1	4	r1-c04-scale500-on	start	2026-09-29T18:24:19Z	2	aap-gateway-9cd77b9cb-hnvvk,aap-gateway-9cd77b9cb-pd2kh
1	4	r1-c04-scale500-on	end	2026-09-29T18:42:11Z	2	aap-gateway-9cd77b9cb-hnvvk,aap-gateway-9cd77b9cb-pd2kh
1	5	r1-c05-scale1500-off	start	2026-09-29T18:45:27Z	2	aap-gateway-9cd77b9cb-hnvvk,aap-gateway-9cd77b9cb-pd2kh
1	5	r1-c05-scale1500-off	end	2026-09-29T19:02:28Z	2	aap-gateway-9cd77b9cb-hnvvk,aap-gateway-9cd77b9cb-pd2kh
1	6	r1-c06-scale1500-on	start	2026-09-29T19:05:04Z	2	aap-gateway-9cd77b9cb-hnvvk,aap-gateway-9cd77b9cb-pd2kh
1	6	r1-c06-scale1500-on	end	2026-09-29T19:31:06Z	2	aap-gateway-9cd77b9cb-hnvvk,aap-gateway-9cd77b9cb-pd2kh
