time_utc,epoch,rep,cell,mappers,toggle,phase,concurrency,cpu_pct,cpu_pct_max,freeable_memory_bytes,connections,db_load_sessions,db_load_cpu_sessions,db_load_non_cpu_sessions,read_iops,write_iops,write_latency_s,commit_throughput_bytes
2026-09-29T19:33:00Z,1790710380,,,,,,,3.03,3.03,2.27442e+10,122,0.1,0,0.1,0,90.4788,0.00166209,34749.6
2026-09-29T19:34:00Z,1790710440,1,1,1500,off,first,1,2.1617,2.1617,2.27485e+10,121,1.1,0.15,0.95,0,7.00012,0.00161506,3454.53
2026-09-29T19:35:00Z,1790710500,1,1,1500,off,cold,1,4.21667,4.21667,2.27363e+10,120,2.03333,0.0333333,2,0,39.5274,0.00188821,109138
2026-09-29T19:36:00Z,1790710560,1,1,1500,off,steady,1,3.07,3.07,2.27583e+10,113,0.216667,0.0833333,0.133333,1.30035,29.1078,0.00139145,98795
2026-09-29T19:37:00Z,1790710620,1,1,1500,off,steady,1,2.66667,2.66667,2.2766e+10,107,0.0847458,0.0338983,0.0508475,0,17.3994,0.00817792,873175
2026-09-29T19:38:00Z,1790710680,1,1,1500,off,steady,1,2.49333,2.49333,2.27657e+10,107,0.0677966,0.0508475,0.0169492,0,11.2661,0.00147342,32847.6
2026-09-29T19:39:00Z,1790710740,1,1,1500,off,steady,1,2.35829,2.35829,2.27638e+10,113,0.0508475,0,0.0508475,0,11.6645,0.00157023,34143.7
2026-09-29T19:40:00Z,1790710800,1,1,1500,off,pool-first,1,2.75838,2.75838,2.27543e+10,110,0.133333,0.0333333,0.1,0,14.0993,0.0014283,33518.7
2026-09-29T19:41:00Z,1790710860,1,1,1500,off,pool-first,1,2.48833,2.48833,2.27552e+10,108,0.0169492,0.0169492,0,1.30033,16.3708,0.0015513,38471.2
2026-09-29T19:42:00Z,1790710920,1,1,1500,off,pool-first,1,2.435,2.435,2.27369e+10,111,0.05,0.0166667,0.0333333,0,22.467,0.00766855,987428
2026-09-29T19:43:00Z,1790710980,1,1,1500,off,pool-first,1,2.67167,2.67167,2.27453e+10,111,0.101695,0.0338983,0.0677966,0,12.5819,0.00148599,33473.9
2026-09-29T19:44:00Z,1790711040,1,1,1500,off,pool-first,1,2.40833,2.40833,2.27489e+10,111,0.0677966,0,0.0677966,0,11.7855,0.00152691,30429
2026-09-29T19:45:00Z,1790711100,1,1,1500,off,pool-first,1,7.82833,7.82833,2.2749e+10,110,0.542373,0.338983,0.20339,0,13.5626,0.00158969,33691.7
2026-09-29T19:46:00Z,1790711160,1,1,1500,off,concurrent,10,8.82667,8.82667,2.27476e+10,119,0.0508475,0,0.0508475,1.30007,51.5526,0.00182666,203864
2026-09-29T19:47:00Z,1790711220,,,,,,,3.24667,3.24667,2.27459e+10,119,0.333333,0.0333333,0.3,0,22.4773,0.00703601,814029
2026-09-29T19:48:00Z,1790711280,1,2,1500,on,first,1,3.95,3.95,2.27548e+10,120,0.135593,0,0.135593,0,95.7374,0.00160912,38455.1
2026-09-29T19:49:00Z,1790711340,1,2,1500,on,first,1,2.3395,2.3395,2.27456e+10,117,1,0.152542,0.847458,0,30.7536,0.00159538,19079.5
2026-09-29T19:50:00Z,1790711400,1,2,1500,on,cold,1,4.38114,4.38114,2.27339e+10,117,1.73333,0.05,1.68333,0,37.1179,0.00200064,96072.3
2026-09-29T19:51:00Z,1790711460,1,2,1500,on,steady,1,3.135,3.135,2.27632e+10,109,0.152542,0.0508475,0.101695,1.3,22.05,0.00157078,82678
2026-09-29T19:52:00Z,1790711520,1,2,1500,on,steady,1,3.18333,3.18333,2.27628e+10,108,0,0,0,0,19.9827,0.00793768,882501
2026-09-29T19:53:00Z,1790711580,1,2,1500,on,steady,1,2.48337,2.48337,2.27655e+10,106,0.05,0.0166667,0.0333333,0,8.29986,0.0014902,28367.5
2026-09-29T19:54:00Z,1790711640,1,2,1500,on,steady,1,2.33333,2.33333,2.2777e+10,103,0.0666667,0.0333333,0.0333333,0,8.48404,0.00147438,30261.8
2026-09-29T19:55:00Z,1790711700,1,2,1500,on,steady,1,2.87,2.87,2.27665e+10,106,0.0847458,0.0338983,0.0508475,1.29968,10.5807,0.00161147,32999.2
2026-09-29T19:56:00Z,1790711760,1,2,1500,on,steady,1,2.30167,2.30167,2.27679e+10,109,0.0333333,0,0.0333333,0,14.3514,0.00193129,28953.1
2026-09-29T19:57:00Z,1790711820,1,2,1500,on,steady,1,2.46825,2.46825,2.27746e+10,103,0.0666667,0.0166667,0.05,0,16.0196,0.0110692,1.01796e+06
2026-09-29T19:58:00Z,1790711880,1,2,1500,on,pool-first,1,2.55171,2.55171,2.27629e+10,110,0.135593,0.0508475,0.0847458,0,7.98254,0.0015028,22958.1
2026-09-29T19:59:00Z,1790711940,1,2,1500,on,pool-first,1,2.2433,2.2433,2.27538e+10,109,0.0833333,0,0.0833333,0,8.18265,0.00167089,14743.7
2026-09-29T20:00:00Z,1790712000,1,2,1500,on,pool-first,1,2.57167,2.57167,2.27571e+10,106,0.101695,0.0169492,0.0847458,1.30011,10.5842,0.00150656,20267.7
2026-09-29T20:01:00Z,1790712060,1,2,1500,on,pool-first,1,2.3096,2.3096,2.27447e+10,108,0.0833333,0.0166667,0.0666667,0,11.018,0.00164238,19063.5
2026-09-29T20:02:00Z,1790712120,1,2,1500,on,pool-first,1,2.47697,2.47697,2.27506e+10,110,0.0508475,0,0.0508475,0,11.9309,0.016868,1.04038e+06
2026-09-29T20:03:00Z,1790712180,1,2,1500,on,pool-first,1,2.47833,2.47833,2.27496e+10,109,0.0847458,0.0169492,0.0677966,0,7.81797,0.00153257,15617.2
2026-09-29T20:04:00Z,1790712240,1,2,1500,on,pool-first,1,2.38667,2.38667,2.27368e+10,113,0.05,0,0.05,0,8.51681,0.00168243,14382.8
2026-09-29T20:05:00Z,1790712300,1,2,1500,on,pool-first,1,2.97,2.97,2.2739e+10,112,0.1,0,0.1,1.29978,10.4149,0.00141384,22128.4
2026-09-29T20:06:00Z,1790712360,1,2,1500,on,pool-first,1,2.28667,2.28667,2.27552e+10,108,0.166667,0.0166667,0.15,0,11.6663,0.00173127,18807.5
2026-09-29T20:07:00Z,1790712420,1,2,1500,on,concurrent,10,14.209,14.209,2.27195e+10,121,0.866667,0.116667,0.75,0,22.4451,0.00803971,1.06775e+06
2026-09-29T20:08:00Z,1790712480,1,2,1500,on,concurrent,10,16.6919,16.6919,2.27019e+10,119,0.566667,0.166667,0.4,0,41.9368,0.00169554,212839
2026-09-29T20:09:00Z,1790712540,,,,,,,1.55257,1.55257,2.27412e+10,120,0.118644,0.0338983,0.0847458,0,19.4068,0.00165605,70077.8
2026-09-29T20:10:00Z,1790712600,,,,,,,4.70802,4.70802,2.27366e+10,122,0.416667,0.0666667,0.35,0,57.6465,0.00162581,22960.5
2026-09-29T20:11:00Z,1790712660,1,3,1500,off,first,1,2.93024,2.93024,2.27393e+10,121,0.118644,0.0169492,0.101695,1.3002,81.5789,0.00157529,31637.8
2026-09-29T20:12:00Z,1790712720,1,3,1500,off,cold,1,4.04856,4.04856,2.27462e+10,111,2.16667,0.1,2.06667,0,40.166,0.00951061,777190
2026-09-29T20:13:00Z,1790712780,1,3,1500,off,steady,1,3.33378,3.33378,2.276e+10,108,0.152542,0.0677966,0.0847458,0,21.738,0.00216456,96949
2026-09-29T20:14:00Z,1790712840,1,3,1500,off,steady,1,2.21667,2.21667,2.27578e+10,112,0.101695,0.0169492,0.0847458,0,18.0973,0.0016891,48541.2
2026-09-29T20:15:00Z,1790712900,1,3,1500,off,steady,1,2.40333,2.40333,2.27576e+10,111,0.0847458,0.0508475,0.0338983,0,13.3511,0.00170556,39115.9
2026-09-29T20:16:00Z,1790712960,1,3,1500,off,steady,1,2.32667,2.32667,2.27611e+10,110,0.101695,0.0847458,0.0169492,1.29991,16.5822,0.00179396,32718.1
2026-09-29T20:17:00Z,1790713020,1,3,1500,off,steady,1,2.35288,2.35288,2.27567e+10,113,0.0333333,0,0.0333333,0,22.3693,0.00574853,904644
2026-09-29T20:18:00Z,1790713080,1,3,1500,off,pool-first,1,2.62175,2.62175,2.27423e+10,110,0.0847458,0.0508475,0.0338983,0,12.5304,0.00141657,33122.1
2026-09-29T20:19:00Z,1790713140,1,3,1500,off,pool-first,1,2.32372,2.32372,2.27448e+10,111,0.0508475,0.0169492,0.0338983,0,11.4182,0.00149667,31779.9
2026-09-29T20:20:00Z,1790713200,1,3,1500,off,pool-first,1,2.80979,2.80979,2.27386e+10,113,0.1,0.0166667,0.0833333,1.30007,12.5006,0.00171496,41293
2026-09-29T20:21:00Z,1790713260,1,3,1500,off,pool-first,1,2.55701,2.55701,2.27403e+10,109,0.118644,0.0338983,0.0847458,0,15.0796,0.00175781,35379.1
2026-09-29T20:22:00Z,1790713320,1,3,1500,off,pool-first,1,6.92678,6.92678,2.27431e+10,110,0.431034,0.258621,0.172414,0,17.2046,0.0106011,996081
2026-09-29T20:23:00Z,1790713380,1,3,1500,off,concurrent,10,9.82374,9.82374,2.2761e+10,111,0.0508475,0.0338983,0.0169492,0,51.5931,0.00179774,191131
