rep	cell	mappers	toggle	phase	concurrency	seconds	samples	cpu_pct_mean	cpu_pct_max	cpu_pct_max_mean	cpu_pct_max_max	freeable_memory_bytes_mean	freeable_memory_bytes_max	connections_mean	connections_max	db_load_sessions_mean	db_load_sessions_max	db_load_cpu_sessions_mean	db_load_cpu_sessions_max	db_load_non_cpu_sessions_mean	db_load_non_cpu_sessions_max	read_iops_mean	read_iops_max	write_iops_mean	write_iops_max	write_latency_s_mean	write_latency_s_max	commit_throughput_bytes_mean	commit_throughput_bytes_max
1	1	1500	off	first	1	12	1	2.1617	2.1617	2.1617	2.1617	2.27485e+10	2.27485e+10	121	121	1.1	1.1	0.15	0.15	0.95	0.95	0	0	7.00012	7.00012	0.00161506	0.00161506	3454.53	3454.53
1	1	1500	off	cold	1	76	2	3.18918	4.21667	3.18918	4.21667	2.27424e+10	2.27485e+10	120.5	121	1.56667	2.03333	0.0916667	0.15	1.475	2	0	0	23.2638	39.5274	0.00175163	0.00188821	56296.1	109138
1	1	1500	off	steady	1	250	5	2.96099	4.21667	2.96099	4.21667	2.2758e+10	2.2766e+10	112	120	0.490678	2.03333	0.0402825	0.0833333	0.450395	2	0.260069	1.30035	21.793	39.5274	0.00290024	0.00817792	229620	873175
1	1	1500	off	pool-first	1	311	7	3.27833	7.82833	3.27833	7.82833	2.27505e+10	2.27638e+10	110.571	113	0.137571	0.542373	0.0628329	0.338983	0.0747377	0.20339	0.185761	1.30033	14.6474	22.467	0.002403	0.00766855	170165	987428
1	1	1500	off	concurrent	10	48	2	8.3275	8.82667	8.3275	8.82667	2.27483e+10	2.2749e+10	114.5	119	0.29661	0.542373	0.169492	0.338983	0.127119	0.20339	0.650033	1.30007	32.5576	51.5526	0.00170818	0.00182666	118778	203864
1	2	1500	on	first	1	23	2	3.14475	3.95	3.14475	3.95	2.27502e+10	2.27548e+10	118.5	120	0.567797	1	0.0762712	0.152542	0.491525	0.847458	0	0	63.2455	95.7374	0.00160225	0.00160912	28767.3	38455.1
1	2	1500	on	cold	1	75	2	3.36032	4.38114	3.36032	4.38114	2.27398e+10	2.27456e+10	117	117	1.36667	1.73333	0.101271	0.152542	1.2654	1.68333	0	0	33.9357	37.1179	0.00179801	0.00200064	57575.9	96072.3
1	2	1500	on	steady	1	430	8	2.89451	4.38114	2.89451	4.38114	2.27639e+10	2.2777e+10	107.625	117	0.273411	1.73333	0.0251766	0.0508475	0.248234	1.68333	0.324959	1.3	17.1108	37.1179	0.0036357	0.0110692	274974	1.01796e+06
1	2	1500	on	pool-first	1	540	10	2.47432	2.97	2.47432	2.97	2.27524e+10	2.27746e+10	108.8	113	0.0922881	0.166667	0.0134746	0.0508475	0.0788136	0.15	0.259989	1.30011	10.4134	16.0196	0.00406199	0.016868	220631	1.04038e+06
1	2	1500	on	concurrent	10	102	3	11.0625	16.6919	11.0625	16.6919	2.27255e+10	2.27552e+10	116	121	0.533333	0.866667	0.1	0.166667	0.433333	0.75	0	0	25.3494	41.9368	0.00382218	0.00803971	433134	1.06775e+06
1	3	1500	off	first	1	11	1	2.93024	2.93024	2.93024	2.93024	2.27393e+10	2.27393e+10	121	121	0.118644	0.118644	0.0169492	0.0169492	0.101695	0.101695	1.3002	1.3002	81.5789	81.5789	0.00157529	0.00157529	31637.8	31637.8
1	3	1500	off	cold	1	73	2	3.4894	4.04856	3.4894	4.04856	2.27428e+10	2.27462e+10	116	121	1.14266	2.16667	0.0584746	0.1	1.08418	2.06667	0.650098	1.3002	60.8725	81.5789	0.00554295	0.00951061	404414	777190
1	3	1500	off	steady	1	254	6	2.78031	4.04856	2.78031	4.04856	2.27566e+10	2.27611e+10	110.833	113	0.440113	2.16667	0.0533898	0.1	0.386723	2.06667	0.216652	1.29991	22.0507	40.166	0.00376872	0.00951061	316526	904644
1	3	1500	off	pool-first	1	306	6	3.26532	6.92678	3.26532	6.92678	2.27443e+10	2.27567e+10	111	113	0.136434	0.431034	0.0628304	0.258621	0.0736038	0.172414	0.216678	1.30007	15.1838	22.3693	0.00378927	0.0106011	340383	996081
1	3	1500	off	concurrent	10	47	2	8.37526	9.82374	8.37526	9.82374	2.2752e+10	2.2761e+10	110.5	111	0.240941	0.431034	0.146259	0.258621	0.0946815	0.172414	0	0	34.3989	51.5931	0.00619941	0.0106011	593606	996081
