rep	cell	mappers	toggle	phase	concurrency	seconds	samples	cpu_api_cores_mean	cpu_api_cores_max	cpu_proxy_cores_mean	cpu_proxy_cores_max	memory_api_bytes_mean	memory_api_bytes_max	pods_ready_mean	pods_ready_max	restarts_mean	restarts_max	route_in_flight_mean	route_in_flight_max	route_responses_per_s_mean	route_responses_per_s_max	route_5xx_per_s_mean	route_5xx_per_s_max	nodes_cpu_cores_busy_mean	nodes_cpu_cores_busy_max	nodes_cpu_cores_total_mean	nodes_cpu_cores_total_max	nodes_memory_used_bytes_mean	nodes_memory_used_bytes_max	nodes_memory_total_bytes_mean	nodes_memory_total_bytes_max	namespace_cpu_cores_mean	namespace_cpu_cores_max	namespace_memory_bytes_mean	namespace_memory_bytes_max
1	1	1500	off	first	1	12	0																												
1	1	1500	off	cold	1	76	3	0.404684	0.618357	0.00823973	0.00933717	2.32854e+09	2.34437e+09	2	2	0	0	2.66667	6	4.03333	5.67778	0.0703704	0.177778	1.62962	1.78286	24	24	2.43282e+10	2.44513e+10	9.93173e+10	9.93173e+10	0.712751	0.801261	9.01778e+09	9.04347e+09
1	1	1500	off	steady	1	250	8	0.264321	0.29106	0.0113717	0.0123743	2.34978e+09	2.37553e+09	2	2	0	0	1.75	6	10.6181	13.5667	0.123611	0.366667	1.6487	2.11267	24	24	2.42207e+10	2.42541e+10	9.93173e+10	9.93173e+10	0.774267	1.28565	9.02513e+09	9.05658e+09
1	1	1500	off	pool-first	1	311	11	0.308702	0.345453	0.0120968	0.0124115	2.37911e+09	2.40053e+09	2	2	0	0	0.727273	5	13.0697	13.8	0	0	1.39726	1.42305	24	24	2.43403e+10	2.4428e+10	9.93173e+10	9.93173e+10	0.552511	0.589367	9.07227e+09	9.08718e+09
1	1	1500	off	concurrent	10	48	2	0.793456	1.07642	0.0270301	0.0407765	2.40125e+09	2.40155e+09	2	2	0	0	23.5	40	46.4833	74.0111	0	0	2.28557	3.04743	24	24	2.4603e+10	2.47369e+10	9.93173e+10	9.93173e+10	1.33578	1.90768	9.10351e+09	9.10554e+09
1	2	1500	on	first	1	23	1	1.59492	1.59492	0.0149622	0.0149622	2.39858e+09	2.39858e+09	2	2	0	0	1	1	14.6111	14.6111	0	0	2.61476	2.61476	24	24	2.47782e+10	2.47782e+10	9.93173e+10	9.93173e+10	1.70563	1.70563	9.10776e+09	9.10776e+09
1	2	1500	on	cold	1	75	2	0.83243	1.08846	0.00965192	0.0114705	2.38617e+09	2.39935e+09	2	2	0	0	4.5	8	7.37222	10.1889	0.0111111	0.0222222	1.97738	2.18619	24	24	2.43411e+10	2.4343e+10	9.93173e+10	9.93173e+10	1.00508	1.21404	9.09801e+09	9.11076e+09
1	2	1500	on	steady	1	430	14	0.404582	0.442661	0.00918224	0.0101229	2.38455e+09	2.38823e+09	2	2	0	0	0.857143	3	6.94762	8.16667	0.0492063	0.266667	1.58914	2.11962	24	24	2.41548e+10	2.4424e+10	9.93173e+10	9.93173e+10	0.736113	1.30219	8.89273e+09	9.08203e+09
1	2	1500	on	pool-first	1	540	18	0.421814	0.457701	0.00863007	0.0102637	2.39038e+09	2.39206e+09	2	2	0	0	0.611111	2	7.52099	8.15556	0	0	1.41578	1.47552	24	24	2.37871e+10	2.39337e+10	9.93173e+10	9.93173e+10	0.595501	0.645739	8.59412e+09	8.6069e+09
1	2	1500	on	concurrent	10	102	4	2.24854	4.3191	0.0272924	0.0478434	2.39464e+09	2.3964e+09	2	2	0	0	11.75	17	43.4	80.1	0	0	3.7201	6.07762	24	24	2.3831e+10	2.38564e+10	9.93173e+10	9.93173e+10	2.88707	5.42804	8.58685e+09	8.63176e+09
1	3	1500	off	first	1	11	0																												
1	3	1500	off	cold	1	73	2	0.848308	1.18658	0.010757	0.0123087	2.40208e+09	2.40431e+09	2	2	0	0	1.5	3	8.2	10.6556	0.0666667	0.122222	2.11176	2.22562	24	24	2.39092e+10	2.39695e+10	9.93173e+10	9.93173e+10	1.0972	1.31424	8.63285e+09	8.6338e+09
1	3	1500	off	steady	1	254	9	0.260647	0.292708	0.0098764	0.0111884	2.41139e+09	2.43214e+09	2	2	0	0	1.11111	4	10.5296	13.5556	0.103704	0.344444	1.55327	2.0139	24	24	2.38025e+10	2.38789e+10	9.93173e+10	9.93173e+10	0.73267	1.27697	8.61761e+09	8.63517e+09
1	3	1500	off	pool-first	1	306	10	0.318283	0.366226	0.0114904	0.0125485	2.40995e+09	2.41118e+09	2	2	0	0	1.3	7	13.0389	14.3889	0	0	1.38942	1.48924	24	24	2.37813e+10	2.3835e+10	9.93173e+10	9.93173e+10	0.564769	0.655657	8.62902e+09	8.65626e+09
1	3	1500	off	concurrent	10	47	2	0.86798	1.3119	0.0248753	0.0371006	2.41156e+09	2.41196e+09	2	2	0	0	35	35	40.8611	65.2444	0	0	2.22319	2.92324	24	24	2.40169e+10	2.42061e+10	9.93173e+10	9.93173e+10	1.44874	2.17392	8.64571e+09	8.65603e+09
