time_utc,epoch,host,period_s,cpu_pct_mean,cpu_pct_max
2026-09-29T19:35:00Z,1790710500,ldap,60,0.7654,0.9533
2026-09-29T19:40:00Z,1790710800,ldap,60,0.9103,0.9533
2026-09-29T19:45:00Z,1790711100,ldap,60,1.987,6.235
2026-09-29T19:50:00Z,1790711400,ldap,60,0.5327,0.6
2026-09-29T19:55:00Z,1790711700,ldap,60,0.601,0.62
2026-09-29T20:00:00Z,1790712000,ldap,60,0.5847,0.625
2026-09-29T20:05:00Z,1790712300,ldap,60,0.6132,0.6267
2026-09-29T20:07:00Z,1790712420,ldap,60,3.478,3.478
2026-09-29T20:08:00Z,1790712480,ldap,60,4.967,4.967
2026-09-29T20:09:00Z,1790712540,ldap,60,0.2467,0.2467
2026-09-29T20:10:00Z,1790712600,ldap,60,0.1517,0.1517
2026-09-29T20:11:00Z,1790712660,ldap,60,0.3217,0.3217
2026-09-29T20:12:00Z,1790712720,ldap,60,0.3167,0.3167
2026-09-29T20:13:00Z,1790712780,ldap,60,0.6767,0.6767
2026-09-29T20:14:00Z,1790712840,ldap,60,0.885,0.885
2026-09-29T20:15:00Z,1790712900,ldap,60,0.9133,0.9133
2026-09-29T20:16:00Z,1790712960,ldap,60,0.965,0.965
2026-09-29T20:17:00Z,1790713020,ldap,60,0.8717,0.8717
2026-09-29T20:18:00Z,1790713080,ldap,60,0.905,0.905
2026-09-29T20:19:00Z,1790713140,ldap,60,0.9245,0.9245
2026-09-29T20:20:00Z,1790713200,ldap,60,0.9233,0.9233
2026-09-29T20:21:00Z,1790713260,ldap,60,0.9167,0.9167
2026-09-29T20:22:00Z,1790713320,ldap,60,2.2,2.2
2026-09-29T20:23:00Z,1790713380,ldap,60,7.043,7.043
2026-09-29T19:35:00Z,1790710500,load-generator,60,2.927,3.633
2026-09-29T19:40:00Z,1790710800,load-generator,60,3.645,3.763
2026-09-29T19:45:00Z,1790711100,load-generator,60,9.966,41.62
2026-09-29T19:50:00Z,1790711400,load-generator,60,1.966,2.372
2026-09-29T19:55:00Z,1790711700,load-generator,60,2.26,2.357
2026-09-29T20:00:00Z,1790712000,load-generator,60,2.181,2.265
2026-09-29T20:05:00Z,1790712300,load-generator,60,2.276,2.383
2026-09-29T20:07:00Z,1790712420,load-generator,60,12.87,12.87
2026-09-29T20:08:00Z,1790712480,load-generator,60,25.95,25.95
2026-09-29T20:09:00Z,1790712540,load-generator,60,5.013,5.013
2026-09-29T20:10:00Z,1790712600,load-generator,60,0.1967,0.1967
2026-09-29T20:11:00Z,1790712660,load-generator,60,0.43,0.43
2026-09-29T20:12:00Z,1790712720,load-generator,60,1.623,1.623
2026-09-29T20:13:00Z,1790712780,load-generator,60,2.423,2.423
2026-09-29T20:14:00Z,1790712840,load-generator,60,3.402,3.402
2026-09-29T20:15:00Z,1790712900,load-generator,60,3.608,3.608
2026-09-29T20:16:00Z,1790712960,load-generator,60,3.485,3.485
2026-09-29T20:17:00Z,1790713020,load-generator,60,3.595,3.595
2026-09-29T20:18:00Z,1790713080,load-generator,60,3.827,3.827
2026-09-29T20:19:00Z,1790713140,load-generator,60,3.498,3.498
2026-09-29T20:20:00Z,1790713200,load-generator,60,3.618,3.618
2026-09-29T20:21:00Z,1790713260,load-generator,60,3.663,3.663
2026-09-29T20:22:00Z,1790713320,load-generator,60,3.55,3.55
2026-09-29T20:23:00Z,1790713380,load-generator,60,44.74,44.74
