cell	phase	expected_records	actual_records	exit_code	start_utc	end_utc
r1-c01-scale1500-off	first	4	4	0	2026-09-29T19:34:04Z	2026-09-29T19:34:18Z
r1-c01-scale1500-off	cold	5	5	0	2026-09-29T19:34:21Z	2026-09-29T19:35:39Z
r1-c01-scale1500-off	steady	80	80	0	2026-09-29T19:35:41Z	2026-09-29T19:39:53Z
r1-c01-scale1500-off	pool-first	100	100	0	2026-09-29T19:39:56Z	2026-09-29T19:45:09Z
r1-c01-scale1500-off	concurrent	200	200	0	2026-09-29T19:45:12Z	2026-09-29T19:46:02Z
r1-c02-scale1500-on	first	4	4	0	2026-09-29T19:48:41Z	2026-09-29T19:49:06Z
r1-c02-scale1500-on	cold	5	5	0	2026-09-29T19:49:09Z	2026-09-29T19:50:26Z
r1-c02-scale1500-on	steady	80	80	0	2026-09-29T19:50:29Z	2026-09-29T19:57:41Z
r1-c02-scale1500-on	pool-first	100	100	0	2026-09-29T19:57:44Z	2026-09-29T20:06:46Z
r1-c02-scale1500-on	concurrent	200	200	0	2026-09-29T20:06:48Z	2026-09-29T20:08:32Z
r1-c03-scale1500-off	first	4	4	0	2026-09-29T20:11:14Z	2026-09-29T20:11:27Z
r1-c03-scale1500-off	cold	5	5	0	2026-09-29T20:11:30Z	2026-09-29T20:12:45Z
r1-c03-scale1500-off	steady	80	80	0	2026-09-29T20:12:47Z	2026-09-29T20:17:03Z
r1-c03-scale1500-off	pool-first	100	100	0	2026-09-29T20:17:06Z	2026-09-29T20:22:13Z
r1-c03-scale1500-off	concurrent	200	200	0	2026-09-29T20:22:16Z	2026-09-29T20:23:05Z
