time_utc,epoch,rep,cell,mappers,toggle,phase,concurrency,cpu_api_cores,cpu_proxy_cores,memory_api_bytes,pods_ready,restarts,route_in_flight,route_responses_per_s,route_5xx_per_s,nodes_cpu_cores_busy,nodes_cpu_cores_total,nodes_memory_used_bytes,nodes_memory_total_bytes,namespace_cpu_cores,namespace_memory_bytes
2026-09-29T12:56:00Z,1790686560,,,,,,,0.109528,0.011709,1.25323e+09,1,2,0,2.74444,0,4.04089,16,4.61922e+10,6.74081e+10,0.400334,7.69795e+09
2026-09-29T12:56:30Z,1790686590,,,,,,,,0.00839829,1.25323e+09,1,2,0,2.75556,0,4.17856,16,4.61915e+10,6.74081e+10,0.22671,7.70417e+09
2026-09-29T12:57:00Z,1790686620,,,,,,,0.173256,0.0137798,1.25458e+09,1,2,0,2.74444,0,4.17522,16,4.61662e+10,6.74081e+10,0.522705,7.71335e+09
2026-09-29T12:57:30Z,1790686650,1,1,1,off,first,1,0.0622078,0.00758752,1.3012e+09,1,2,1,0.0222222,0,4.11344,16,4.62018e+10,6.74081e+10,0.233937,7.76026e+09
2026-09-29T12:58:00Z,1790686680,1,1,1,off,steady,1,0.0926022,0.0109683,1.3012e+09,1,2,0,2.57778,0,4.51,16,4.62682e+10,6.74081e+10,0.389727,7.76024e+09
2026-09-29T12:58:30Z,1790686710,1,1,1,off,steady,1,0.299988,0.00792324,1.25562e+09,1,2,0,6.22222,0,5.257,16,4.62702e+10,6.74081e+10,0.536446,7.71554e+09
2026-09-29T12:59:00Z,1790686740,1,1,1,off,steady,1,0.449724,0.0267445,1.25562e+09,1,2,0,9.78889,0,5.56233,16,4.62469e+10,6.74081e+10,0.961596,7.71575e+09
2026-09-29T12:59:30Z,1790686770,1,1,1,off,steady,1,,,1.25562e+09,1,2,1,11.0222,0,5.77544,16,4.61104e+10,6.74081e+10,0.285918,7.71553e+09
2026-09-29T13:00:00Z,1790686800,1,1,1,off,steady,1,0.476675,0.0286774,1.25927e+09,1,2,1,10.8556,0,5.582,16,4.62017e+10,6.74081e+10,1.01796,7.72387e+09
2026-09-29T13:00:30Z,1790686830,1,1,1,off,steady,1,,0.0208685,1.25927e+09,1,2,3,10.7778,0,5.98589,16,4.60532e+10,6.74081e+10,0.418969,7.72427e+09
2026-09-29T13:01:00Z,1790686860,1,1,1,off,steady,1,0.483868,0.0276644,1.2598e+09,1,2,3,10.6778,0,5.87289,16,4.61981e+10,6.74081e+10,1.0071,7.72192e+09
2026-09-29T13:01:30Z,1790686890,1,1,1,off,pool-first,1,0.483868,0.0271284,1.2598e+09,1,2,0,10.8778,0,5.39767,16,4.62555e+10,6.74081e+10,0.786657,7.72259e+09
2026-09-29T13:02:00Z,1790686920,1,1,1,off,pool-first,1,0.458002,0.0264558,1.25946e+09,1,2,1,11.1111,0,4.86189,16,4.6281e+10,6.74081e+10,0.971672,7.72442e+09
2026-09-29T13:02:30Z,1790686950,1,1,1,off,pool-first,1,0.480705,0.0257195,1.29791e+09,1,2,0,11.1556,0,4.67344,16,4.6282e+10,6.74081e+10,0.790492,7.76324e+09
2026-09-29T13:03:00Z,1790686980,1,1,1,off,pool-first,1,0.503199,0.025054,1.29791e+09,1,2,0,11.1333,0,4.739,16,4.61872e+10,6.74081e+10,1.10965,7.76354e+09
2026-09-29T13:03:30Z,1790687010,1,1,1,off,concurrent,10,0.359364,0.0476882,1.29791e+09,1,2,46,18.3111,0,5.64211,16,4.63395e+10,6.74081e+10,0.926945,7.76796e+09
2026-09-29T13:04:00Z,1790687040,1,1,1,off,concurrent,10,1.17813,0.0476882,1.34123e+09,1,2,64,31.5111,0,6.46,16,4.63708e+10,6.74081e+10,2.11505,7.81518e+09
2026-09-29T13:04:30Z,1790687070,,,,,,,,0.0778201,1.34123e+09,1,2,0,43.1556,0,7.08656,16,4.63018e+10,6.74081e+10,0.618524,7.8165e+09
2026-09-29T13:05:00Z,1790687100,1,2,1,on,steady,1,1.31298,0.0778201,1.38357e+09,1,2,4,33.9778,0,6.14956,16,4.62549e+10,6.74081e+10,2.43093,7.86088e+09
2026-09-29T13:05:30Z,1790687130,1,2,1,on,steady,1,1.31298,,1.38357e+09,1,2,2,21.0556,0,5.43456,16,4.63169e+10,6.74081e+10,2.26278,7.86149e+09
2026-09-29T13:06:00Z,1790687160,1,2,1,on,steady,1,0.485756,0.0251583,1.38421e+09,1,2,3,9.53333,0,4.78244,16,4.63321e+10,6.74081e+10,0.99849,7.86259e+09
2026-09-29T13:06:30Z,1790687190,1,2,1,on,steady,1,0.485756,0.0191907,1.38421e+09,1,2,1,11.9444,0,4.84267,16,4.6301e+10,6.74081e+10,0.910212,7.86241e+09
2026-09-29T13:07:00Z,1790687220,1,2,1,on,steady,1,0.501573,0.0286864,1.38476e+09,1,2,1,12.0222,0,4.72989,16,4.63188e+10,6.74081e+10,1.02243,7.86246e+09
2026-09-29T13:07:30Z,1790687250,1,2,1,on,steady,1,0.49594,0.0193762,1.38461e+09,1,2,1,11.9,0,4.82011,16,4.61676e+10,6.74081e+10,0.922212,7.86249e+09
2026-09-29T13:08:00Z,1790687280,1,2,1,on,steady,1,0.488638,0.0281791,1.38461e+09,1,2,1,11.6778,0,4.96489,16,4.62592e+10,6.74081e+10,1.10073,7.81673e+09
2026-09-29T13:08:30Z,1790687310,1,2,1,on,pool-first,1,0.346933,,1.38461e+09,1,2,0,11.3556,0,4.99089,16,4.63666e+10,6.74081e+10,0.834784,7.81681e+09
2026-09-29T13:09:00Z,1790687340,1,2,1,on,pool-first,1,0.481625,0.0282817,1.3836e+09,1,2,3,11.4556,0,4.81911,16,4.64123e+10,6.74081e+10,1.04295,7.85707e+09
2026-09-29T13:09:30Z,1790687370,1,2,1,on,pool-first,1,,0.027103,1.3836e+09,1,2,0,11.4444,0,4.81367,16,4.64467e+10,6.74081e+10,0.572181,7.85665e+09
2026-09-29T13:10:00Z,1790687400,1,2,1,on,concurrent,10,0.428104,0.0254715,1.38306e+09,1,2,15,12.3667,0,4.84833,16,4.65457e+10,6.74081e+10,1.01831,7.85696e+09
2026-09-29T13:10:30Z,1790687430,1,2,1,on,concurrent,10,0.428104,0.0447819,1.38306e+09,1,2,64,24.8,0,6.15844,16,4.66939e+10,6.74081e+10,0.891004,7.85911e+09
2026-09-29T13:11:00Z,1790687460,1,2,1,on,concurrent,10,1.61833,0.0607149,1.45938e+09,1,2,64,40.4556,0,7.187,16,4.66944e+10,6.74081e+10,2.70886,7.93625e+09
2026-09-29T13:11:30Z,1790687490,,,,,,,1.4492,,1.45995e+09,1,2,8,41.3444,0,7.24656,16,4.68845e+10,6.74081e+10,1.89607,7.9371e+09
2026-09-29T13:12:00Z,1790687520,,,,,,,1.22383,0.0499469,1.45995e+09,1,2,8,26.2333,0,6.082,16,4.68362e+10,6.74081e+10,2.21876,7.93491e+09
2026-09-29T13:12:30Z,1790687550,,,,,,,0.800724,,1.45995e+09,1,2,8,7.67778,0,5.20133,16,4.66148e+10,6.74081e+10,1.08851,7.93435e+09
2026-09-29T13:13:00Z,1790687580,,,,,,,0.973187,0.0140084,1.4604e+09,1,2,7,3.08889,0,5.00356,16,4.67537e+10,6.74081e+10,1.25551,7.9345e+09
2026-09-29T13:13:30Z,1790687610,,,,,,,0.950084,0.0140084,1.46028e+09,1,2,9,2.98889,0,5.17,16,4.66177e+10,6.74081e+10,1.1525,7.93438e+09
2026-09-29T13:14:00Z,1790687640,,,,,,,0.950084,0.0139554,1.46028e+09,1,2,8,3.01111,0,5.075,16,4.64743e+10,6.74081e+10,1.23875,7.93474e+09
2026-09-29T13:14:30Z,1790687670,,,,,,,0.950084,0.0135045,1.46028e+09,1,2,8,2.5,0,5.24633,16,4.64647e+10,6.74081e+10,1.15416,7.93473e+09
2026-09-29T13:15:00Z,1790687700,,,,,,,0.847457,0.0129921,1.46546e+09,1,2,8,2.57778,0,5.16222,16,4.63717e+10,6.74081e+10,1.14006,7.93949e+09
2026-09-29T13:15:30Z,1790687730,,,,,,,,0.0138918,1.46546e+09,1,2,8,2.58889,0,5.22111,16,4.628e+10,6.74081e+10,0.235266,7.93958e+09
2026-09-29T13:16:00Z,1790687760,,,,,,,0.988221,0.0147173,1.46548e+09,1,2,8,3.12222,0,5.21733,16,4.63253e+10,6.74081e+10,1.28305,7.93992e+09
2026-09-29T13:16:30Z,1790687790,,,,,,,0.99304,0.0147809,1.52099e+09,1,2,8,3.08889,0,5.24933,16,4.63582e+10,6.74081e+10,1.18952,7.99545e+09
2026-09-29T13:17:00Z,1790687820,,,,,,,0.999018,0.0147809,1.52099e+09,1,2,8,3.08889,0,5.156,16,4.67195e+10,6.74081e+10,1.29832,7.99583e+09
2026-09-29T13:17:30Z,1790687850,1,3,500,off,first,1,0.61522,0.013619,1.52099e+09,1,2,0,3.06471,0.00915269,4.89611,16,4.62982e+10,6.74081e+10,0.808069,7.99587e+09
2026-09-29T13:18:00Z,1790687880,1,3,500,off,first,1,0.723698,0.013619,1.4468e+09,1,2,0,2.0536,0.00915269,4.439,16,4.62878e+10,6.74081e+10,1.0114,7.92114e+09
2026-09-29T13:18:30Z,1790687910,1,3,500,off,first,1,,,1.4468e+09,1,2,0,1.02026,0.00915269,4.15033,16,4.62449e+10,6.74081e+10,0.210178,7.92992e+09
2026-09-29T13:19:00Z,1790687940,1,3,500,off,first,1,0.0735232,0.00991438,1.44692e+09,1,2,0,0.0333333,0,3.92411,16,4.6219e+10,6.74081e+10,0.349781,7.92985e+09
2026-09-29T13:19:30Z,1790687970,1,3,500,off,first,1,0.0735232,,1.44692e+09,1,2,0,0.0333333,0,3.93867,16,4.62795e+10,6.74081e+10,0.257289,7.93043e+09
2026-09-29T13:20:00Z,1790688000,1,3,500,off,first,1,0.0675277,0.00984077,1.44814e+09,1,2,0,0.0333333,0,4.01978,16,4.67791e+10,6.74081e+10,0.337273,7.92315e+09
2026-09-29T13:20:30Z,1790688030,1,3,500,off,steady,1,0.0675277,0.0114608,1.44814e+09,1,2,1,0.488889,0,4.72644,16,4.65555e+10,6.74081e+10,0.258677,7.92281e+09
2026-09-29T13:21:00Z,1790688060,1,3,500,off,steady,1,0.218856,0.013168,1.46458e+09,1,2,0,1.23333,0.0111111,5.274,16,4.66152e+10,6.74081e+10,0.531762,7.93941e+09
2026-09-29T13:21:30Z,1790688090,1,3,500,off,steady,1,0.218856,0.00954128,1.46458e+09,1,2,0,1.22222,0.0111111,5.789,16,4.65698e+10,6.74081e+10,0.481494,7.93949e+09
2026-09-29T13:22:00Z,1790688120,1,3,500,off,steady,1,0.173936,0.0104653,1.43191e+09,1,2,1,0.766667,0.0111111,6.04278,16,4.67142e+10,6.74081e+10,0.467265,7.90646e+09
2026-09-29T13:22:30Z,1790688150,1,3,500,off,steady,1,0.140423,0.00712268,1.4335e+09,1,2,1,0.0444444,0,6.16522,16,4.6492e+10,6.74081e+10,0.327242,7.90811e+09
2026-09-29T13:23:00Z,1790688180,1,3,500,off,steady,1,0.10005,0.010009,1.4335e+09,1,2,0,0.0666667,0,5.89033,16,4.65392e+10,6.74081e+10,0.392349,7.90837e+09
2026-09-29T13:23:30Z,1790688210,1,3,500,off,steady,1,0.127491,0.0112173,1.43614e+09,1,2,0,0.144444,0,5.13533,16,4.65113e+10,6.74081e+10,0.330331,7.91112e+09
2026-09-29T13:24:00Z,1790688240,1,3,500,off,steady,1,0.152991,0.0123961,1.43614e+09,1,2,1,1.28889,0,4.91533,16,4.64803e+10,6.74081e+10,0.442578,7.91117e+09
2026-09-29T13:24:30Z,1790688270,1,3,500,off,steady,1,0.324895,,1.43509e+09,1,2,0,1.28889,0.0111111,4.83833,16,4.65804e+10,6.74081e+10,0.499057,7.90998e+09
2026-09-29T13:25:00Z,1790688300,1,3,500,off,steady,1,0.324895,0.0128777,1.43509e+09,1,2,0,1.21111,0.0111111,4.95811,16,4.64754e+10,6.74081e+10,0.650177,7.9104e+09
2026-09-29T13:25:30Z,1790688330,1,3,500,off,steady,1,0.0732518,,1.43767e+09,1,2,0,0.0444444,0.0111111,4.68989,16,4.64202e+10,6.74081e+10,0.240149,7.9135e+09
2026-09-29T13:26:00Z,1790688360,1,3,500,off,steady,1,0.0732518,0.0110641,1.43767e+09,1,2,0,0.0333333,0,4.23844,16,4.63774e+10,6.74081e+10,0.359856,7.91369e+09
2026-09-29T13:26:30Z,1790688390,1,3,500,off,steady,1,,0.0105594,1.43767e+09,1,2,0,0.0333333,0,3.97256,16,4.63926e+10,6.74081e+10,0.168174,7.9137e+09
2026-09-29T13:27:00Z,1790688420,1,3,500,off,steady,1,0.0690116,0.0099221,1.43883e+09,1,2,0,0.0333333,0,3.68811,16,4.64077e+10,6.74081e+10,0.333926,7.91518e+09
2026-09-29T13:27:30Z,1790688450,1,3,500,off,steady,1,,0.0133898,1.43883e+09,1,2,1,2.37778,0,4.04356,16,4.63565e+10,6.74081e+10,0.197454,7.91511e+09
2026-09-29T13:28:00Z,1790688480,1,3,500,off,steady,1,0.390406,0.0159923,1.45044e+09,1,2,0,5.64444,0,4.33833,16,4.62309e+10,6.74081e+10,0.768786,7.92694e+09
2026-09-29T13:28:30Z,1790688510,1,3,500,off,steady,1,0.390406,0.025687,1.45044e+09,1,2,0,9.13333,0,4.97711,16,4.61911e+10,6.74081e+10,0.701323,7.92705e+09
2026-09-29T13:29:00Z,1790688540,1,3,500,off,steady,1,0.507358,0.025687,1.45093e+09,1,2,1,10.2444,0,5.02122,16,4.62424e+10,6.74081e+10,1.00282,7.92755e+09
2026-09-29T13:29:30Z,1790688570,1,3,500,off,steady,1,0.507358,0.0264236,1.45093e+09,1,2,1,10.6222,0,5.23611,16,4.63398e+10,6.74081e+10,0.845273,7.92784e+09
2026-09-29T13:30:00Z,1790688600,1,3,500,off,steady,1,0.510113,0.0264236,1.45206e+09,1,2,1,10.3111,0,5.21967,16,4.67204e+10,6.74081e+10,1.01068,7.92911e+09
2026-09-29T13:30:30Z,1790688630,1,3,500,off,steady,1,0.515959,,1.47214e+09,1,2,0,10.4444,0,5.448,16,4.66348e+10,6.74081e+10,0.866658,7.94927e+09
2026-09-29T13:31:00Z,1790688660,1,3,500,off,pool-first,1,0.522306,0.0261618,1.47214e+09,1,2,7,9.67778,0,5.374,16,4.66747e+10,6.74081e+10,1.14633,7.9461e+09
2026-09-29T13:31:30Z,1790688690,1,3,500,off,pool-first,1,0.361192,0.0150242,1.47214e+09,1,2,0,8.98889,0,5.10722,16,4.66536e+10,6.74081e+10,0.831843,7.94616e+09
2026-09-29T13:32:00Z,1790688720,1,3,500,off,pool-first,1,0.544819,0.0229844,1.46146e+09,1,2,4,8.81111,0,4.92078,16,4.67358e+10,6.74081e+10,0.964966,7.93548e+09
2026-09-29T13:32:30Z,1790688750,1,3,500,off,concurrent,10,0.321171,0.0157512,1.46152e+09,1,2,1,9.83333,0,4.77722,16,4.65447e+10,6.74081e+10,0.733319,7.93617e+09
2026-09-29T13:33:00Z,1790688780,1,3,500,off,concurrent,10,0.498603,0.0302437,1.46152e+09,1,2,59,18.5421,0.308733,5.55967,16,4.659e+10,6.74081e+10,1.05565,7.93699e+09
2026-09-29T13:33:30Z,1790688810,1,3,500,off,concurrent,10,1.33534,0.0569627,1.63911e+09,1,2,61,32.0795,1.06841,6.46122,16,4.67205e+10,6.74081e+10,1.50389,8.11653e+09
2026-09-29T13:34:00Z,1790688840,,,,,,,1.97856,0.0836396,1.63911e+09,1,2,1,42.5085,1.76401,6.96644,16,4.65296e+10,6.74081e+10,3.06596,8.12311e+09
2026-09-29T13:34:30Z,1790688870,,,,,,,,0.0591344,1.63911e+09,1,2,8,32.0608,1.73861,6.20878,16,4.64749e+10,6.74081e+10,0.67239,8.12332e+09
2026-09-29T13:35:00Z,1790688900,,,,,,,1.00143,0.0401768,1.50597e+09,1,2,8,16.0333,0.844444,5.34689,16,4.6603e+10,6.74081e+10,1.5273,7.99141e+09
2026-09-29T13:35:30Z,1790688930,,,,,,,,,1.50597e+09,1,2,8,2.51111,0,5.20911,16,4.68206e+10,6.74081e+10,0.376147,7.999e+09
2026-09-29T13:36:00Z,1790688960,,,,,,,1.00952,0.0143737,1.46465e+09,1,2,8,3.1,0,5.65922,16,4.67563e+10,6.74081e+10,1.30873,7.95782e+09
2026-09-29T13:36:30Z,1790688990,,,,,,,1.00952,,1.46465e+09,1,2,8,3.1,0,5.60289,16,4.66567e+10,6.74081e+10,1.2015,7.94991e+09
2026-09-29T13:37:00Z,1790689020,1,4,500,on,first,1,0.980818,0.0140164,1.58549e+09,1,2,0,3.2,0,5.27833,16,4.66118e+10,6.74081e+10,1.25934,8.0704e+09
2026-09-29T13:37:30Z,1790689050,1,4,500,on,steady,1,0.980818,0.0140164,1.58549e+09,1,2,5,4.28889,0,4.82333,16,4.65811e+10,6.74081e+10,1.15384,8.07045e+09
2026-09-29T13:38:00Z,1790689080,1,4,500,on,steady,1,0.671181,0.0189652,1.46433e+09,1,2,1,5.87778,0,4.78422,16,4.6555e+10,6.74081e+10,1.03923,7.95119e+09
2026-09-29T13:38:30Z,1790689110,1,4,500,on,steady,1,0.671181,0.0189652,1.46433e+09,1,2,1,7.08889,0,5.15144,16,4.66131e+10,6.74081e+10,0.994665,7.95079e+09
2026-09-29T13:39:00Z,1790689140,1,4,500,on,steady,1,0.575589,0.0221159,1.4651e+09,1,2,1,7.42222,0,5.174,16,4.66498e+10,6.74081e+10,1.01036,7.95187e+09
2026-09-29T13:39:30Z,1790689170,1,4,500,on,steady,1,0.572294,0.0221159,1.46555e+09,1,2,,5.729,0,6.27833,16,4.19672e+10,6.74081e+10,0.923506,8.03718e+09
2026-09-29T13:40:00Z,1790689200,1,4,500,on,steady,1,0.568661,0.0219027,1.46555e+09,1,2,1,6.84444,0,6.61722,16,4.31653e+10,6.74081e+10,0.984946,7.59441e+09
2026-09-29T13:40:30Z,1790689230,1,4,500,on,steady,1,0.555847,0.0213977,1.46606e+09,1,2,1,6.18889,0,9.72911,16,4.57129e+10,6.74081e+10,0.961553,7.6904e+09
2026-09-29T13:41:00Z,1790689260,1,4,500,on,steady,1,0.544371,0.0209066,1.46606e+09,1,2,1,3.35396,0,11.9332,16,4.66351e+10,6.74081e+10,1.92574,8.02515e+09
2026-09-29T13:41:30Z,1790689290,1,4,500,on,steady,1,,0.0147275,1.46606e+09,1,2,1,4.57778,0,14.3866,16,4.64878e+10,6.74081e+10,0.873049,8.06628e+09
2026-09-29T13:42:00Z,1790689320,1,4,500,on,steady,1,0.472494,0.0193988,1.46403e+09,1,2,1,4.56667,0,14.0843,16,4.67013e+10,6.74081e+10,3.27579,8.21892e+09
2026-09-29T13:42:30Z,1790689350,1,4,500,on,steady,1,0.528013,,1.4644e+09,1,2,1,5.03333,0,13.4872,16,4.6645e+10,6.74081e+10,2.96537,8.28664e+09
2026-09-29T13:43:00Z,1790689380,1,4,500,on,steady,1,0.528013,0.0208531,1.4644e+09,1,2,1,5.47778,0,12.6486,16,4.61248e+10,6.74081e+10,4.27826,8.35591e+09
2026-09-29T13:43:30Z,1790689410,1,4,500,on,steady,1,0.528013,0.0208531,1.4644e+09,1,2,1,5.7,0,11.9833,16,4.60109e+10,6.74081e+10,2.98135,8.35748e+09
2026-09-29T13:44:00Z,1790689440,1,4,500,on,steady,1,0.766662,0.0202378,1.51857e+09,1,2,1,5.93333,0,11.3056,16,4.56442e+10,6.74081e+10,3.94315,8.4816e+09
2026-09-29T13:44:30Z,1790689470,1,4,500,on,pool-first,1,0.884048,0.0206795,1.46458e+09,1,2,4,5.85556,0,11.4294,16,4.66233e+10,6.74081e+10,2.91647,8.10477e+09
2026-09-29T13:45:00Z,1790689500,1,4,500,on,pool-first,1,0.884048,0.0212215,1.46458e+09,1,2,1,5.71111,0,10.6154,16,4.63314e+10,6.74081e+10,3.373,8.10474e+09
2026-09-29T13:45:30Z,1790689530,1,4,500,on,pool-first,1,0.884048,0.0136193,1.46458e+09,1,2,1,5.93333,0,9.86267,16,4.66628e+10,6.74081e+10,2.28088,8.10478e+09
2026-09-29T13:46:00Z,1790689560,1,4,500,on,pool-first,1,0.712099,0.021476,1.46519e+09,1,2,1,6.47778,0,8.50956,16,4.71202e+10,6.74081e+10,1.98018,7.95131e+09
2026-09-29T13:46:30Z,1790689590,1,4,500,on,pool-first,1,0.460184,,1.45378e+09,1,2,1,6.87778,0,8.20556,16,4.6914e+10,6.74081e+10,0.74961,7.93669e+09
2026-09-29T13:47:00Z,1790689620,1,4,500,on,concurrent,10,0.703595,0.0211387,1.45378e+09,1,2,25,8.7,0,7.92544,16,4.69476e+10,6.74081e+10,1.69092,7.84408e+09
2026-09-29T13:47:30Z,1790689650,1,4,500,on,concurrent,10,1.23129,0.0211387,1.45028e+09,1,2,38,15.8111,0.533333,8.23856,16,4.62247e+10,6.74081e+10,2.17113,7.83449e+09
2026-09-29T13:48:00Z,1790689680,1,4,500,on,concurrent,10,1.63846,0.0480212,1.45028e+09,1,2,76,23.6,1.04444,8.43889,16,4.62791e+10,6.74081e+10,2.34972,7.8487e+09
2026-09-29T13:48:30Z,1790689710,1,4,500,on,concurrent,10,2.39072,0.0533448,1.47107e+09,1,2,61,30.2778,1.91111,8.742,16,4.62274e+10,6.74081e+10,2.851,7.86977e+09
2026-09-29T13:49:00Z,1790689740,,,,,,,2.39072,0.0602355,1.47107e+09,1,2,27,30.7667,2.97778,8.67244,16,4.62862e+10,6.74081e+10,3.30541,7.8786e+09
2026-09-29T13:49:30Z,1790689770,,,,,,,1.26756,0.0405694,1.45241e+09,1,2,1,22.3667,2.74444,8.362,16,4.65267e+10,6.74081e+10,2.30926,8.25646e+09
2026-09-29T13:50:00Z,1790689800,,,,,,,1.26756,0.0305345,1.45241e+09,1,2,8,12.3111,1.87778,7.91878,16,4.67557e+10,6.74081e+10,2.49261,7.92593e+09
2026-09-29T13:50:30Z,1790689830,,,,,,,0.978616,,1.45263e+09,1,2,8,3.5,0.277778,7.67544,16,4.6849e+10,6.74081e+10,2.06166,7.91955e+09
2026-09-29T13:51:00Z,1790689860,,,,,,,0.978616,0.0144617,1.45263e+09,1,2,8,2.78889,0,7.78689,16,4.70274e+10,6.74081e+10,2.26704,7.92184e+09
2026-09-29T13:51:30Z,1790689890,,,,,,,,0.0144617,1.45263e+09,1,2,8,3.01111,0,7.85111,16,4.76051e+10,6.74081e+10,0.158256,7.93735e+09
2026-09-29T13:52:00Z,1790689920,,,,,,,1.00537,0.0138517,1.46074e+09,1,2,8,2.95556,0,7.80756,16,4.77573e+10,6.74081e+10,2.26913,7.95433e+09
2026-09-29T13:52:30Z,1790689950,,,,,,,,0.0138517,1.46074e+09,1,2,8,3.01111,0,7.79911,16,4.73699e+10,6.74081e+10,0.329478,7.95472e+09
2026-09-29T13:53:00Z,1790689980,,,,,,,1.04385,0.014227,1.5247e+09,1,2,8,2.9,0,8.66678,16,4.67707e+10,6.74081e+10,2.31823,7.96427e+09
2026-09-29T13:53:30Z,1790690010,,,,,,,1.04385,0.0144309,1.5247e+09,1,2,8,2.88889,0,8.51156,16,4.60475e+10,6.74081e+10,2.22989,8.12111e+09
2026-09-29T13:54:00Z,1790690040,,,,,,,1.00588,0.0146557,1.69064e+09,1,2,7,2.8,0,8.74511,16,4.62082e+10,6.74081e+10,2.2254,8.29091e+09
2026-09-29T13:54:30Z,1790690070,,,,,,,1.01282,0.010487,1.46727e+09,1,2,8,3,0,7.98178,16,4.59453e+10,6.74081e+10,1.72552,8.07222e+09
2026-09-29T13:55:00Z,1790690100,,,,,,,1.02084,0.0153358,1.46727e+09,1,2,8,3.03333,0,7.72689,16,4.57372e+10,6.74081e+10,2.30926,7.95221e+09
2026-09-29T13:55:30Z,1790690130,,,,,,,0.919063,,1.42794e+09,1,2,1,2.6,0,7.22789,16,4.46825e+10,6.74081e+10,1.03879,7.91294e+09
2026-09-29T13:56:00Z,1790690160,,,,,,,0.835146,0.0130682,1.42794e+09,1,2,8,1.73333,0,6.40489,16,4.4417e+10,6.74081e+10,1.3584,7.80479e+09
2026-09-29T13:56:30Z,1790690190,,,,,,,,0.0133153,1.42794e+09,1,2,8,1.72222,0,6.00856,16,4.42654e+10,6.74081e+10,0.342868,7.80852e+09
2026-09-29T13:57:00Z,1790690220,,,,,,,0.856384,0.0135689,1.45048e+09,1,2,8,2.25556,0,5.28767,16,4.43313e+10,6.74081e+10,1.13448,7.82984e+09
2026-09-29T13:57:30Z,1790690250,,,,,,,0.619853,0.0138688,1.44119e+09,1,2,8,3.15556,0,5.179,16,4.43021e+10,6.74081e+10,0.838105,7.8234e+09
2026-09-29T13:58:00Z,1790690280,,,,,,,0.972363,0.0141531,1.44119e+09,1,2,8,3.14444,0,5.12233,16,4.42079e+10,6.74081e+10,1.25452,7.82399e+09
2026-09-29T13:58:30Z,1790690310,,,,,,,0.992256,0.0149889,1.55528e+09,1,2,8,3.17778,0,5.40578,16,4.41755e+10,6.74081e+10,1.24207,7.94168e+09
2026-09-29T13:59:00Z,1790690340,,,,,,,1.00557,0.0149889,1.55528e+09,1,2,8,3.13333,0,5.48733,16,4.41862e+10,6.74081e+10,1.30095,7.93804e+09
2026-09-29T13:59:30Z,1790690370,,,,,,,,,1.55528e+09,1,2,8,3.18889,0,5.48411,16,4.40784e+10,6.74081e+10,0.213569,7.93912e+09
2026-09-29T14:00:00Z,1790690400,,,,,,,0.99198,0.0141592,1.43373e+09,1,2,8,3.1,0,5.35844,16,4.3876e+10,6.74081e+10,1.28845,7.81815e+09
2026-09-29T14:00:30Z,1790690430,,,,,,,,0.010168,1.43373e+09,1,2,8,3.12222,0,5.70333,16,4.39109e+10,6.74081e+10,0.250741,7.81785e+09
2026-09-29T14:01:00Z,1790690460,,,,,,,1.01178,0.0142501,1.4343e+09,1,2,7,3.03333,0,5.73022,16,4.38789e+10,6.74081e+10,1.30649,7.81818e+09
2026-09-29T14:01:30Z,1790690490,,,,,,,1.01178,0.0140465,1.4343e+09,1,2,8,2.95556,0,5.70122,16,4.3918e+10,6.74081e+10,1.23064,7.82125e+09
2026-09-29T14:02:00Z,1790690520,,,,,,,0.950288,0.0138637,1.43686e+09,1,2,8,2.84444,0,5.25556,16,4.38376e+10,6.74081e+10,1.23008,7.82385e+09
2026-09-29T14:02:30Z,1790690550,,,,,,,0.962006,,1.53896e+09,1,2,8,2.9,0,5.46822,16,4.37432e+10,6.74081e+10,1.17498,7.92607e+09
2026-09-29T14:03:00Z,1790690580,,,,,,,0.977187,0.0136388,1.53896e+09,1,2,7,2.98889,0,5.65411,16,4.38343e+10,6.74081e+10,1.25744,7.92663e+09
2026-09-29T14:03:30Z,1790690610,,,,,,,0.676893,,1.53896e+09,1,2,8,3.08889,0,5.80244,16,4.37644e+10,6.74081e+10,0.855876,7.92662e+09
2026-09-29T14:04:00Z,1790690640,,,,,,,0.985104,0.0146938,1.43828e+09,1,2,8,3.06667,0,5.40089,16,4.36639e+10,6.74081e+10,1.27222,7.82913e+09
2026-09-29T14:04:30Z,1790690670,1,5,1500,off,steady,1,,0.0166175,1.43828e+09,1,2,0,4.28889,0,5.22178,16,4.3571e+10,6.74081e+10,0.239061,7.82943e+09
2026-09-29T14:05:00Z,1790690700,1,5,1500,off,steady,1,0.679002,0.0185696,1.44744e+09,1,2,1,6.62222,0,4.91556,16,4.36695e+10,6.74081e+10,1.04439,7.83854e+09
2026-09-29T14:05:30Z,1790690730,1,5,1500,off,steady,1,0.679002,0.0132044,1.44744e+09,1,2,0,9.06667,0,4.99333,16,4.38358e+10,6.74081e+10,1.02488,7.83858e+09
2026-09-29T14:06:00Z,1790690760,1,5,1500,off,steady,1,0.51179,0.0259896,1.45011e+09,1,2,3,10.2444,0,4.83044,16,4.3928e+10,6.74081e+10,1.00906,7.84416e+09
2026-09-29T14:06:30Z,1790690790,1,5,1500,off,steady,1,0.524987,,1.45285e+09,1,2,0,10.3444,0,5.06911,16,4.38814e+10,6.74081e+10,0.776349,7.84734e+09
2026-09-29T14:07:00Z,1790690820,1,5,1500,off,steady,1,0.538452,0.0264915,1.45285e+09,1,2,0,10.0778,0,5.04444,16,4.4053e+10,6.74081e+10,1.03078,7.84822e+09
2026-09-29T14:07:30Z,1790690850,1,5,1500,off,steady,1,0.536464,0.0268636,1.45229e+09,1,2,1,10.0444,0,5.11878,16,4.40138e+10,6.74081e+10,0.849769,7.84727e+09
2026-09-29T14:08:00Z,1790690880,1,5,1500,off,steady,1,0.534779,0.0273002,1.45229e+09,1,2,6,9.82222,0,5.02422,16,4.39245e+10,6.74081e+10,1.02911,7.84745e+09
2026-09-29T14:08:30Z,1790690910,1,5,1500,off,pool-first,1,,0.0267034,1.45229e+09,1,2,0,10,0,4.84156,16,4.3904e+10,6.74081e+10,0.312027,7.84743e+09
2026-09-29T14:09:00Z,1790690940,1,5,1500,off,pool-first,1,0.517392,0.0262099,1.45258e+09,1,2,4,10.0778,0,4.74811,16,4.40375e+10,6.74081e+10,1.01183,7.84771e+09
2026-09-29T14:09:30Z,1790690970,1,5,1500,off,pool-first,1,,0.024546,1.45258e+09,1,2,0,9.54444,0,4.73222,16,4.41253e+10,6.74081e+10,0.395707,7.84792e+09
2026-09-29T14:10:00Z,1790691000,1,5,1500,off,pool-first,1,0.590621,0.024546,1.44878e+09,1,2,1,8.45556,0,4.73733,16,4.41683e+10,6.74081e+10,1.0132,7.84403e+09
2026-09-29T14:10:30Z,1790691030,1,5,1500,off,pool-first,1,0.598596,0.0213014,1.4491e+09,1,2,1,7.3,0,4.99811,16,4.42632e+10,6.74081e+10,0.92025,7.84445e+09
2026-09-29T14:11:00Z,1790691060,1,5,1500,off,concurrent,10,0.607175,0.0213014,1.4491e+09,1,2,51,14.9667,0.333333,5.79556,16,4.43858e+10,6.74081e+10,1.00378,7.84508e+09
2026-09-29T14:11:30Z,1790691090,1,5,1500,off,concurrent,10,0.607175,0.07566,1.4491e+09,1,2,42,27.9556,2.17778,6.85989,16,4.43071e+10,6.74081e+10,0.90101,7.84891e+09
2026-09-29T14:12:00Z,1790691120,,,,,,,1.98697,0.07566,1.55671e+09,1,2,72,40.6444,4.26667,7.69922,16,4.40899e+10,6.74081e+10,2.80912,7.95757e+09
2026-09-29T14:12:30Z,1790691150,,,,,,,1.24397,,1.45132e+09,1,2,1,33.4222,4.25556,7.05667,16,4.42013e+10,6.74081e+10,1.60062,7.85223e+09
2026-09-29T14:13:00Z,1790691180,,,,,,,1.24397,0.0460408,1.45132e+09,1,2,1,18.3,2.41111,6.12456,16,4.43857e+10,6.74081e+10,2.01088,7.84476e+09
2026-09-29T14:13:30Z,1790691210,,,,,,,0.884846,,1.45132e+09,1,2,8,4.18889,0.322222,5.23656,16,4.4429e+10,6.74081e+10,1.53448,7.84511e+09
2026-09-29T14:14:00Z,1790691240,,,,,,,0.800293,0.0135196,1.47508e+09,1,2,8,2.03333,0,5.14656,16,4.44855e+10,6.74081e+10,1.09366,7.86895e+09
2026-09-29T14:14:30Z,1790691270,,,,,,,,0.0135196,1.47508e+09,1,2,9,2.83333,0,5.40233,16,4.43548e+10,6.74081e+10,0.258098,7.87014e+09
2026-09-29T14:15:00Z,1790691300,,,,,,,0.997498,0.0144779,1.44891e+09,1,2,7,3.03333,0,5.17811,16,4.4291e+10,6.74081e+10,1.29652,7.8443e+09
2026-09-29T14:15:30Z,1790691330,,,,,,,0.997498,0.0146333,1.44891e+09,1,2,8,3.05556,0,5.45433,16,4.40999e+10,6.74081e+10,1.22644,7.84495e+09
2026-09-29T14:16:00Z,1790691360,,,,,,,1.0095,0.0148018,1.46727e+09,1,2,8,3.13333,0,5.27122,16,4.42133e+10,6.74081e+10,1.30169,7.86362e+09
2026-09-29T14:16:30Z,1790691390,,,,,,,0.985128,0.0141266,1.44947e+09,1,2,8,3.05556,0,5.33333,16,4.40652e+10,6.74081e+10,1.16634,7.84578e+09
2026-09-29T14:17:00Z,1790691420,,,,,,,0.953466,0.0135698,1.44947e+09,1,2,8,3.04444,0,5.04878,16,4.41436e+10,6.74081e+10,1.22557,7.8479e+09
2026-09-29T14:17:30Z,1790691450,,,,,,,0.964182,0.0137857,1.44949e+09,1,2,8,3.02222,0,5.02933,16,4.41018e+10,6.74081e+10,1.16734,7.84794e+09
2026-09-29T14:18:00Z,1790691480,,,,,,,0.971339,0.0137857,1.44949e+09,1,2,8,3.05556,0,5.03133,16,4.42003e+10,6.74081e+10,1.25072,7.84777e+09
2026-09-29T14:18:30Z,1790691510,,,,,,,1.05461,,1.4542e+09,1,2,8,3,0,4.98522,16,4.43351e+10,6.74081e+10,1.21534,7.85289e+09
2026-09-29T14:19:00Z,1790691540,,,,,,,1.05461,0.0135359,1.4542e+09,1,2,8,3.02222,0,4.96533,16,4.41545e+10,6.74081e+10,1.33382,7.85343e+09
2026-09-29T14:19:30Z,1790691570,,,,,,,,0.00877739,1.4542e+09,1,2,8,2.93333,0,4.97167,16,4.41545e+10,6.74081e+10,0.185274,7.85324e+09
2026-09-29T14:20:00Z,1790691600,,,,,,,0.949642,0.0138594,1.4541e+09,1,2,8,2.95556,0,5.08244,16,4.41203e+10,6.74081e+10,1.22434,7.85296e+09
2026-09-29T14:20:30Z,1790691630,,,,,,,0.626627,0.0135545,1.67167e+09,1,2,8,2.82222,0,5.56578,16,4.46052e+10,6.74081e+10,0.800769,7.99585e+09
2026-09-29T14:21:00Z,1790691660,,,,,,,0.93207,0.0133098,1.67167e+09,1,2,8,2.83333,0,6.19,16,4.37149e+10,6.74081e+10,1.22663,7.99621e+09
2026-09-29T14:21:30Z,1790691690,1,6,1500,on,first,1,0.92127,0.0144287,1.45435e+09,1,2,0,2.85556,0,6.21333,16,4.34926e+10,6.74081e+10,1.14196,7.80652e+09
2026-09-29T14:22:00Z,1790691720,1,6,1500,on,steady,1,0.912096,0.0144287,1.45435e+09,1,2,1,3.35556,0,5.80256,16,4.35397e+10,6.74081e+10,1.21087,7.80658e+09
2026-09-29T14:22:30Z,1790691750,1,6,1500,on,steady,1,0.652215,,1.45819e+09,1,2,2,3.93333,0,5.11656,16,4.3475e+10,6.74081e+10,0.863253,7.81158e+09
2026-09-29T14:23:00Z,1790691780,1,6,1500,on,steady,1,0.652215,0.0182048,1.45819e+09,1,2,0,4.1,0.0111111,5.604,16,4.33656e+10,6.74081e+10,1.03644,7.82077e+09
2026-09-29T14:23:30Z,1790691810,1,6,1500,on,steady,1,,0.0115553,1.45819e+09,1,2,1,4.16667,0.0111111,5.46867,16,4.33158e+10,6.74081e+10,0.193353,7.8342e+09
2026-09-29T14:24:00Z,1790691840,1,6,1500,on,steady,1,0.711244,0.0163552,1.4435e+09,1,2,1,4.01111,0.0111111,5.51211,16,4.34299e+10,6.74081e+10,1.08304,7.81991e+09
2026-09-29T14:24:30Z,1790691870,1,6,1500,on,steady,1,0.432916,0.0171287,1.44359e+09,1,2,1,4.21111,0,5.13189,16,4.34732e+10,6.74081e+10,0.699366,7.82045e+09
2026-09-29T14:25:00Z,1790691900,1,6,1500,on,steady,1,0.642296,0.0178318,1.44359e+09,1,2,1,4.11111,0,5.319,16,4.33635e+10,6.74081e+10,1.02125,7.82252e+09
2026-09-29T14:25:30Z,1790691930,1,6,1500,on,steady,1,0.417003,0.0168987,1.44359e+09,1,2,0,4.33333,0,5.41944,16,4.34096e+10,6.74081e+10,0.66099,7.83161e+09
2026-09-29T14:26:00Z,1790691960,1,6,1500,on,steady,1,0.647345,0.0168987,1.5496e+09,1,2,1,4.56667,0,5.10544,16,4.32848e+10,6.74081e+10,1.0221,7.93771e+09
2026-09-29T14:26:30Z,1790691990,1,6,1500,on,steady,1,,,1.5496e+09,1,2,1,4.57778,0,4.861,16,4.33077e+10,6.74081e+10,0.256853,7.9391e+09
2026-09-29T14:27:00Z,1790692020,1,6,1500,on,steady,1,0.633394,0.0176408,1.44522e+09,1,2,1,4.37778,0,4.72733,16,4.32746e+10,6.74081e+10,0.990162,7.83515e+09
2026-09-29T14:27:30Z,1790692050,1,6,1500,on,steady,1,0.633394,0.0113581,1.44522e+09,1,2,7,4.21111,0,4.83056,16,4.33069e+10,6.74081e+10,0.904081,7.83515e+09
2026-09-29T14:28:00Z,1790692080,1,6,1500,on,steady,1,0.641816,0.017804,1.4455e+09,1,2,0,4.17778,0.0111111,5.01289,16,4.32759e+10,6.74081e+10,1.02108,7.8359e+09
2026-09-29T14:28:30Z,1790692110,1,6,1500,on,steady,1,0.677326,0.011493,1.44583e+09,1,2,1,3.95556,0.0111111,5.132,16,4.33249e+10,6.74081e+10,0.90586,7.84255e+09
2026-09-29T14:29:00Z,1790692140,1,6,1500,on,steady,1,0.724051,0.0171456,1.44583e+09,1,2,1,4.33333,0.0111111,5.08489,16,4.33112e+10,6.74081e+10,1.10259,7.84342e+09
2026-09-29T14:29:30Z,1790692170,1,6,1500,on,steady,1,0.683179,0.0122699,1.44692e+09,1,2,1,4.36667,0,5.11011,16,4.34656e+10,6.74081e+10,0.914737,7.84464e+09
2026-09-29T14:30:00Z,1790692200,1,6,1500,on,steady,1,0.647388,0.0183783,1.44692e+09,1,2,1,4.56667,0,5.02256,16,4.34912e+10,6.74081e+10,1.02959,7.84726e+09
2026-09-29T14:30:30Z,1790692230,1,6,1500,on,steady,1,,0.0180693,1.44692e+09,1,2,1,4.13333,0,5.61878,16,4.37068e+10,6.74081e+10,0.221736,7.84755e+09
2026-09-29T14:31:00Z,1790692260,1,6,1500,on,steady,1,0.651652,0.0177835,1.44706e+09,1,2,1,4.14444,0,5.50778,16,4.37779e+10,6.74081e+10,1.03626,7.84824e+09
2026-09-29T14:31:30Z,1790692290,1,6,1500,on,pool-first,1,,,1.44706e+09,1,2,2,4.17778,0,5.73356,16,4.40236e+10,6.74081e+10,0.241044,7.84825e+09
2026-09-29T14:32:00Z,1790692320,1,6,1500,on,pool-first,1,0.631595,0.0169879,1.44532e+09,1,2,1,4.58889,0,5.05244,16,4.3974e+10,6.74081e+10,0.997697,7.84752e+09
2026-09-29T14:32:30Z,1790692350,1,6,1500,on,pool-first,1,0.631595,,1.44532e+09,1,2,1,4.56667,0,4.88567,16,4.39072e+10,6.74081e+10,0.924783,7.84786e+09
2026-09-29T14:33:00Z,1790692380,1,6,1500,on,pool-first,1,0.673031,0.018401,1.44582e+09,1,2,1,4.54444,0,4.68567,16,4.39254e+10,6.74081e+10,1.03582,7.84914e+09
2026-09-29T14:33:30Z,1790692410,1,6,1500,on,pool-first,1,0.673031,0.018401,1.44582e+09,1,2,1,4.11111,0,4.94522,16,4.3835e+10,6.74081e+10,0.936354,7.84914e+09
2026-09-29T14:34:00Z,1790692440,1,6,1500,on,pool-first,1,0.659779,0.0175844,1.44584e+09,1,2,0,4.4,0,5.03867,16,4.37733e+10,6.74081e+10,1.02133,7.85099e+09
2026-09-29T14:34:30Z,1790692470,1,6,1500,on,pool-first,1,0.659779,0.0175844,1.44584e+09,1,2,1,4.56667,0,5.10211,16,4.37935e+10,6.74081e+10,0.932168,7.85131e+09
2026-09-29T14:35:00Z,1790692500,1,6,1500,on,pool-first,1,0.651137,0.0183694,1.44641e+09,1,2,1,4.57778,0,5.14111,16,4.36895e+10,6.74081e+10,1.01015,7.85394e+09
2026-09-29T14:35:30Z,1790692530,1,6,1500,on,concurrent,10,0.915045,0.0183694,1.4652e+09,1,2,10,6.43333,0,5.52311,16,4.34969e+10,6.74081e+10,1.2336,7.87594e+09
2026-09-29T14:36:00Z,1790692560,1,6,1500,on,concurrent,10,1.17295,0.0250326,1.4652e+09,1,2,34,9.37778,0.366667,6.11022,16,4.3431e+10,6.74081e+10,1.54728,7.87944e+09
2026-09-29T14:36:30Z,1790692590,1,6,1500,on,concurrent,10,1.89922,0.0250326,1.44738e+09,1,2,42,15.1111,1.8,6.78056,16,4.33608e+10,6.74081e+10,2.22622,7.78022e+09
2026-09-29T14:37:00Z,1790692620,1,6,1500,on,concurrent,10,2.57611,0.0421497,1.44738e+09,1,2,57,17.1778,2.98889,7.26722,16,4.34548e+10,6.74081e+10,3.12222,7.78815e+09
2026-09-29T14:37:30Z,1790692650,1,6,1500,on,concurrent,10,2.77931,0.0421497,1.44819e+09,1,2,18,20.3889,4.07778,7.58178,16,4.35659e+10,6.74081e+10,3.45237,7.86921e+09
2026-09-29T14:38:00Z,1790692680,1,6,1500,on,concurrent,10,2.77931,0.0384137,1.44819e+09,1,2,23,17.7667,3.24444,7.92489,16,4.35049e+10,6.74081e+10,3.48842,7.86982e+09
2026-09-29T14:38:30Z,1790692710,1,6,1500,on,concurrent,10,,0.0384137,1.44819e+09,1,2,35,19.7444,3.54444,8.68767,16,4.35441e+10,6.74081e+10,1.40829,7.8925e+09
2026-09-29T14:39:00Z,1790692740,,,,,,,2.8117,0.0382822,1.42696e+09,1,2,9,17.4111,3.57778,8.83656,16,4.38107e+10,6.74081e+10,4.36639,7.82607e+09
2026-09-29T14:39:30Z,1790692770,,,,,,,0.904111,0.0382822,1.43229e+09,1,2,1,13.7111,3.08889,8.03967,16,4.38803e+10,6.74081e+10,1.31876,7.83416e+09
